id,domain,en_term,zh_preferred,zh_acceptable,zh_forbidden,definition_zh,applicable_context,risk_notes,source
A-001,aerodynamics,ground effect,地面效应,下压地效,地面摩擦效应,利用赛车底部与赛道地面之间的气流加速产生低压区，从而在无需增加阻力的前提下生成大量下压力的气动现象。,适用于描述扩散器、底板设计及文氏管效应的讨论语境。,不应与"下压力"（downforce）混用；地面效应特指底部气流机制而非整车下压力总量。,RE2024
A-002,aerodynamics,downforce,下压力,气动下压力,下压,由气流在赛车各气动面上产生的垂直向下的气动力，是影响赛车在弯道速度的核心参数。,泛指整车气动下压力总量，适用于赛车气动套件效率讨论。,避免与"地面效应"混淆；下压力是结果，地面效应是产生下压力的机制之一。,RE2024
A-003,aerodynamics,drag,阻力,气动阻力,风阻,气流作用于赛车前进方向的反向气动力，与下压力共同构成气动效率指标。,讨论直道速度、功率需求及升阻比时使用。,不可简单译为"风阻"（风阻暗示风向相关，而赛车阻力主要来自车速引起的相对气流）。,RE2017
A-004,aerodynamics,lift-to-drag ratio (L/D),升阻比,,气动效率比,描述赛车下压力与阻力之间比值的气动效率指标，值越高表示在给定阻力代价下获得更多下压力。,赛车整体气动方案评估与不同赛道配置比较。,注意F1语境中"lift"特指负升力（即下压力），与航空语境中的正升力方向相反。,RE2017
A-005,aerodynamics,DRS (Drag Reduction System),DRS（阻力减少系统）,尾翼可动翼片系统,,一种允许在特定区域内打开尾翼翼片缝隙、降低尾翼有效攻角从而减少阻力的空气动力学辅助系统。规则规定仅可在检测区域获得1秒以内间距优势的车手使用。,超车策略分析、赛道直道速度讨论。,DRS需首字母缩写保留，不应展开翻译为中文全称；在赛事报道中已成通用术语。,RE2024
A-006,aerodynamics,floor,底板,底部扩散板,底盘地板,赛车底部的气动板面，包含地面效应通道（文氏管）及边缘翼片，是地面效应规则下最关键的下压力产生部件。,地面效应规则下赛车底部气动讨论的核心术语。,不应译为"底盘"（底盘/chassis指整体车身结构）；floor特指气动底板部件。,RE2024
A-007,aerodynamics,diffuser,扩散器,,尾部气流分散器,位于赛车底板尾端、使底板气流减速扩压的气动装置，通过在底板出口区域降低气流速度、提升压力，配合底板前端的低压区形成下压力。,底板—扩散器联动设计、地面效应效率分析。,扩散器本身不产生下压力，而是通过控制气流出口条件来维持底板前端的低压。,RE2024
A-008,aerodynamics,sidepod,侧箱,,侧舱,赛车两侧包围散热器、冷却器及部分气动装置的车身结构，其外形直接影响进入底板和尾部气流的质量。,冷却封装、侧面气动绕流、底板进气通道设计讨论。,不译为"侧舱"（有舱室密闭性暗示），侧箱是开放式结构封装。,RE2017
A-009,aerodynamics,sidepod undercut,侧箱下切,,侧箱底部切除,将侧箱下缘向上退缩、在侧箱下方形成气流加速通道的气动设计，可增强进入底板边缘的气流质量。,RB19等采用极端下切设计的车辆气动分析。,需保留"下切"而非简化为"收窄"，两者描述不同维度的几何变化。,RE2024
A-010,aerodynamics,centreline cooling,中轴线冷却,,中央冷却/轴心冷却,将主要冷却器（油冷、水冷等）集中布置于车辆纵向中轴附近（通常在进气罩/防滚架区域），以缩小侧箱、释放侧面气动通道的冷却布局方案。最早由Scuderia Toro Rosso于2014年引入F1。,中小体积侧箱设计、高效底板气流通道规划。,"中央冷却"易被理解为"所有冷却器都在正中心"，而中轴线冷却描述的是分布权重向中轴偏移而非绝对集中。,RE2017
A-011,aerodynamics,NACA duct,NACA进气槽,,流线进气口,基于美国国家航空咨询委员会（NACA）设计的低阻力嵌入式进气口形式，特征为渐进式凹槽无突出前缘，常见于鼻锥底部或车身表面冷却进气。,隐蔽式散热进气设计、低阻力进气通道。,应保留NACA缩写，不展开为全称；该形式已成为航空/赛车领域通用名词。,RE2017
A-012,aerodynamics,roll hoop / airbox,进气罩/防滚架,,进气管,兼具防滚翻保护功能与发动机进气功能的车身结构，位于驾驶舱后方；在中轴线冷却方案中通常在其侧面开冷却进气道。,中轴线冷却布局、发动机进气流量分析。,roll hoop强调结构安全功能，airbox强调进气功能，两者指同一部件但侧重不同；中文可合并处理。,RE2017
A-013,aerodynamics,aero balance,气动平衡,,前后下压力比,前轴下压力与后轴下压力分布比例的气动设计指标，影响赛车在不同速度区间的转向特性。,整车气动调校、赛道配置选择。,不应简译为"气动平衡"而不解释其指向前后轴分布，否则易与整车平衡概念混淆。,RE2017
A-014,aerodynamics,porpoising,海豚跳,,底板振荡,地面效应规则下赛车在高速行驶时由于底板气流周期性分离与重建导致的车身垂向高频振荡现象，2022赛季多队出现严重海豚跳问题。,地面效应赛车底板设计、离地间隙控制讨论。,"海豚跳"已成F1中文报道通用译名；不应译为"颠簸"（忽视了其周期性和气动成因）。,RE2024
A-015,aerodynamics,rake,倾角/车身纵倾,,俯仰角（通用时不精确）,赛车整车前低后高（或前高后低）的纵向倾斜姿态，通过调节前后离地间隙实现；高倾角（high rake）方案以红牛为代表，低倾角（low rake）以梅赛德斯为代表。,车辆姿态调校、底板气动效率优化。,rake在F1语境特指整车纵向姿态倾角，不同于航空中的后掠角；"俯仰"更接近动态描述，rake更指静态姿态设置。,RE2024
A-016,aerodynamics,floor edge wing,底板边缘翼片,,底板侧翼,沿底板外缘布置的一系列小翼片，用于控制底板边缘气流防止外部高压气流侵入底板低压区，是地面效应规则下的关键气动元件。,底板气流密封性、地面效应效率优化。,与endplate（翼片端板）区分；floor edge wing专指底板边缘处的控制翼片。,RE2024
A-017,aerodynamics,nose cone / nose,鼻锥,,鼻部整流罩,赛车最前端的锥形气动结构，负责将气流分配至前翼两侧和鼻锥下方通道，同时提供碰撞缓冲保护。,前端气动封装设计、鼻锥宽度与进气通道讨论。,鼻锥特指前端尖形结构，不同于前舱隔板（front bulkhead）或驾驶舱。,RE2017
A-018,aerodynamics,front wing,前翼,,前部气动翼,赛车最前端的翼型气动装置，负责产生前轴下压力、控制气流至底部通道，并影响整车气动平衡。,前轴下压力调校、气动平衡设定。,前翼已是通用译名；避免直译为"前面的翅膀"等不专业表达。,RE2017
A-019,aerodynamics,rear wing,后翼,,后部扰流板,赛车尾部的主要下压力产生翼面，通常包含主翼元件和DRS可动翼片，根据赛道对下压力/阻力需求调整攻角。,后轴下压力配置、赛道气动套件选择。,扰流板（spoiler）与后翼（rear wing）工作原理不同，不可混用。,RE2017
A-020,aerodynamics,CFD (Computational Fluid Dynamics),CFD（计算流体力学）,计算流体仿真,,通过数值方法求解流体运动方程、模拟气流在车辆表面流动规律的计算工程工具，是风洞测试的重要补充手段。,气动开发、新空气动力学方案虚拟验证。,CFD缩写在F1语境中通用，无需每次展开；但在学术写作中首次出现时需给出全称。,RE2024
A-021,aerodynamics,wind tunnel,风洞,,气动隧道,利用人工气流模拟赛车行驶条件的气动测试设施，通过缩比模型或全尺寸测试验证CFD预测。,气动方案验证、新赛季赛车开发。,风洞测试时间受F1成本帽和竞争性配额限制，文中出现时需结合语境说明配额限制背景。,RE2024
A-022,aerodynamics,aero map,气动地图,,气动参数图谱,记录赛车在不同车速、迎角、离地间隙等条件下气动力（下压力、阻力）变化规律的多维参数图谱，是优化气动设定的核心工具。,赛车气动优化、赛道配置与气动窗口讨论。,不应简化为"气动数据"；气动地图特指多维参数映射关系。,RE2024
A-023,aerodynamics,desensitised aerodynamics,气动去敏化,,稳定气动设计,通过设计使赛车气动性能对车辆姿态变化（俯仰、偏航、转向角）不敏感，在较宽范围内保持稳定下压力输出的气动开发策略。,资源有限车队的气动开发策略、2017年轮胎窗口宽泛化设计。,去敏化不等于放弃性能，而是牺牲部分峰值下压力换取更宽的工作窗口。,RE2017
A-024,aerodynamics,platform control,平台控制,,车身姿态控制,通过悬挂几何、弹簧/阻尼设置精确控制赛车车身姿态（离地间隙、俯仰、横滚）稳定性，使气动系统在设计工况内持续高效工作。,底板效率维持、海豚跳抑制、气动稳定性。,"平台"在工程语境特指整车运动学平台（vehicle platform），不应译为"系统"或"架构"。,RE2024
A-025,aerodynamics,downwash,下洗气流,,向下导流,由前翼或其他气动部件产生的向下偏转的气流，用于引导气流进入底板或其他下游气动元件。,前翼与底板气流协调、气动封装优化。,下洗气流（downwash）是主动设计的气流导向，不同于泄漏气流（leakage）。,RE2024
S-001,suspension_chassis,suspension,悬挂,,悬架（不推荐，学术场景可用）,连接车轮与底盘的机械系统，负责维持轮胎与地面接触、传递载荷、控制车轮运动轨迹。包含弹簧、减震器、控制臂（wishbone）等核心元件。,悬挂设计、车辆动力学调校讨论。,"悬架"在中国大陆汽车工程术语中较正式，但赛车报道中"悬挂"更常见；两者均可，但需全篇统一。,RE2017
S-002,suspension_chassis,wishbone,三角臂,,A形臂/叉臂,F1赛车悬挂系统中连接底盘与轮毂的V形（三角形）控制臂，分为上三角臂（upper wishbone）和下三角臂（lower wishbone）。,悬挂几何设计、载荷分析。,wishbone字面为"叉骨"，但标准工程译名为三角臂；避免使用叉臂、A臂等非标准表达。,RE2017
S-003,suspension_chassis,upper wishbone,上三角臂,,上叉臂,连接底盘上部与轮毂转向节顶端的悬挂控制臂，控制车轮的外倾变化和主销轴线位置。,前悬挂几何设计、STR12非常规上三角臂方案讨论。,需与lower wishbone明确区分；STR12特殊方案中上三角臂连接方式为悬臂延伸式，需在文中详细说明。,RE2017
S-004,suspension_chassis,lower wishbone,下三角臂,,下叉臂,连接底盘下部与轮毂转向节底端的悬挂控制臂，主要承受垂向载荷和制动力。,悬挂载荷分析、外倾角控制。,下三角臂通常截面更粗，承载更高的纵向和侧向力。,RE2017
S-005,suspension_chassis,upright,转向节,,轮毂支架,连接悬挂臂与轮毂轴承的核心铸件结构，是悬挂系统的枢纽，上下三角臂和转向拉杆都通过球节连接到转向节。,悬挂几何、转向节刚度设计。,upright不应译为"立柱"（建筑语境），转向节是车辆动力学标准术语。,RE2017
S-006,suspension_chassis,pushrod,推杆,,前推连杆,连接悬挂下部（三角臂）与弹簧/减震器总成的传力杆件，当车轮受到向上的输入时推杆受压，适用于前悬挂弹簧布置在底盘上方的方案。,前悬挂布局设计、弹簧作动力传递分析。,pushrod（推杆前悬）与pullrod（拉杆后悬）是两种不同的弹簧作动方式，需严格区分。,RE2017
S-007,suspension_chassis,pullrod,拉杆,,后拉连杆,连接悬挂上部（三角臂）与弹簧/减震器总成的传力杆件，当车轮受到向上输入时拉杆受拉，适用于后悬挂弹簧布置在底盘下方的方案，有助于降低重心。,后悬挂布局设计、重心高度优化。,pullrod方案通常用于后悬，可降低弹簧/减震总成安装高度，配合地面效应赛车的重心需求。,RE2017
S-008,suspension_chassis,torsion bar,扭杆弹簧,,扭杆,以金属棒的扭转变形储存弹性势能的悬挂弹簧形式，在F1中常用于节省空间、降低非簧载质量。,F1悬挂弹簧设计、前悬挂内置弹簧方案。,扭杆弹簧不同于螺旋弹簧（coil spring），两者储能方式不同。,RE2017
S-009,suspension_chassis,anti-roll bar,防倾杆,,横向稳定杆,连接左右悬挂、抵抗车身横滚的弹性元件，通过调节前后防倾杆刚度来调整赛车的转向特性（过度/不足转向）。,赛车操控特性调校、前后横滚刚度分配。,防倾杆是可调设置项，赛道调校中前后防倾杆刚度比例直接影响操控平衡。,RE2017
S-010,suspension_chassis,compliance,顺应性,,柔性变形,悬挂系统在载荷作用下允许其连接件（衬套、球节等）发生微小弹性变形的特性，适当的顺应性可以吸收轮胎载荷峰值、提高操控一致性，但过大会导致车轮几何失控。,悬挂设计精度分析、STR12上三角臂方案讨论。,compliance不等于"松动"或"缺陷"，而是设计允许的弹性响应；错译为"柔软度"会丢失工程意涵。,RE2017
S-011,suspension_chassis,kinematics,运动学,,动力学（混淆警告）,研究悬挂系统几何运动轨迹（车轮上下跳动时外倾、前束、主销角等如何变化）而不考虑力的作用的分析方法。,悬挂几何设计、车轮运动轨迹优化。,kinematics（运动学）与dynamics（动力学）是不同概念；前者只描述几何运动，后者包含力的作用。,RE2024
S-012,suspension_chassis,anti-dive,抗俯冲,,防前倾,通过设计悬挂几何使车辆在制动时产生对抗前俯的反力矩，减少车身前低后高的制动姿态变化，维持平台稳定性。,制动稳定性设计、RB19平台控制分析。,anti-dive通过悬挂力学实现，不同于弹簧阻尼调校实现的制动姿态控制。,RE2024
S-013,suspension_chassis,anti-squat,抗蹲尾,,防后沉,通过悬挂几何设计使车辆在加速时产生对抗后蹲的反力矩，减少车身后低前高的加速姿态变化。,加速稳定性设计、RB19后悬挂调整分析。,anti-squat与anti-lift（防前提）是不同概念；后者指制动时后轴被抬起的趋势。,RE2024
S-014,suspension_chassis,monocoque,单体壳,,承力壳体,F1赛车的核心承力结构，由碳纤维复合材料制成的一体化箱型壳体，同时充当驾驶舱、前悬挂安装基础和燃油箱围蔽结构。,底盘结构设计、惯性配重分析。,单体壳（monocoque）与承力骨架（space frame）是不同的结构形式；F1自1980年代起全面采用碳纤维单体壳。,RE2017
S-015,suspension_chassis,front bulkhead,前舱隔板,,前防撞壁,单体壳前端的垂直隔板，是前悬挂安装点集中区域，也是前碰撞结构的后端边界。,悬挂安装几何、碰撞结构设计。,front bulkhead是结构术语，不同于crash structure（碰撞吸能结构），两者位置相邻但功能不同。,RE2017
S-016,suspension_chassis,inboard suspension,内置悬挂,,内部减震,将弹簧/减震器总成布置在底盘内部（而非轮毂附近）的悬挂布局，可减小悬挂元件对外部气流的干扰，是F1主流方案。,F1悬挂布局、气动与悬挂封装协调。,内置悬挂不等于"主动悬挂"（active suspension）；前者指部件位置，后者指是否有主动调节能力。,RE2017
S-017,suspension_chassis,third element,第三元件,,辅助弹簧,在传统两个独立轮端弹簧/减震器之外，增加一个连接左右悬挂的额外弹性元件，用于独立控制车身的升沉（heave）模式刚度，而不影响横滚模式刚度。,悬挂模态解耦设计、升沉/横滚独立调校。,第三元件是高级悬挂调校工具，其作用需结合升沉/横滚模态分析才能理解。,RE2017
S-018,suspension_chassis,roll centre,滚心,,横滚中心,从理论上定义的车辆横向横滚运动的瞬时旋转中心，其高度影响车身侧倾时轮胎载荷的转移方式。,悬挂几何设计、操控特性调校。,滚心是几何计算量，不是物理存在的点；需区分前滚心与后滚心，两者高度差影响前后轴载荷转移。,RE2017
S-019,suspension_chassis,camber,外倾角,,倾斜角,车轮中心线相对于地面垂直线的倾斜角度；负外倾（轮顶向内倾）是F1的典型设定，有助于在弯道中增大轮胎有效接触面积。,轮胎接触区优化、弯道抓地力设定。,负外倾（negative camber）是工程标准表达；不应简化为"轮胎角度"。,RE2017
S-020,suspension_chassis,toe angle,束角,,前束/后束角,车轮中心线在水平面内相对于车辆纵轴的偏转角度；前束（toe-in）使轮胎前端向内收，有助于直线稳定性；后束（toe-out）增加入弯响应性。,操控特性调校、轮胎磨损管理。,前束（toe-in）和后束（toe-out）方向不同，使用时需说明；直接译"束角"而不注明方向易产生歧义。,RE2017
S-021,suspension_chassis,kingpin axis,主销轴线,,转向轴,从上下球节（或上三角臂外端）连线定义的转向旋转轴，其倾斜角度影响转向回正力矩和直线稳定性。,STR12非常规上三角臂讨论、转向几何分析。,主销轴线在STR12的特殊布局中因上三角臂向外侧延伸而位置有所改变，是文章技术要点之一。,RE2017
S-022,suspension_chassis,double shear,双剪切,,双侧固定,将螺栓两侧都有支撑材料夹住的安装方式，使螺栓同时在两个截面受剪，强度优于单剪切（single shear）。,STR12上三角臂螺栓安装方式讨论。,"双剪切"是结构工程标准术语；STR12采用双剪切（而梅赛德斯采用单剪切）体现了更保守的结构安全策略。,RE2017
S-023,suspension_chassis,torsional stiffness,扭转刚度,,抗扭刚性,结构抵抗扭转变形的能力，通常以每单位扭转角对应的扭矩值（Nm/deg）表示；底盘扭转刚度直接影响悬挂几何的有效性。,底盘结构性能评估、发动机作为承力构件时的刚度讨论。,扭转刚度数值需结合测量方法（如前后轴之间）才有意义；单纯大数值不等于好，需与重量和尺寸一起评估。,RE2017
S-024,suspension_chassis,fully stressed member,完全受力构件,,承力构件,发动机或变速箱作为底盘结构组成部分、直接传递车身载荷的安装方式，可以省去独立的底盘框架材料。,发动机/变速箱安装方式讨论、C36使用2016款法拉利引擎的结构风险分析。,2016款法拉利引擎设计为2016底盘的受力构件，在2017款更高载荷下存在结构风险，是C36技术亮点之一。,RE2017
S-025,suspension_chassis,transmission casing,变速箱壳体,,齿轮箱壳,包围变速箱齿轮系的外壳结构，在F1中通常由碳纤维复合材料制成，同时充当后悬挂安装基础，其几何形状直接影响后悬挂布局。,后悬挂设计自由度讨论、自制vs采购变速箱壳体选择。,变速箱壳体是F1规则中的"列名部件"（listed part），不能在车队间共用，因此自制壳体具有设计优势。,RE2017
S-026,suspension_chassis,listed part,列名部件,,限制共享部件,FIA规定不得在车队之间直接共用、每支车队必须自行设计和制造（或通过正式供应商获取）的特定车辆部件，变速箱壳体是典型例子。,车队技术合规性讨论、部件共用规则分析。,listed part的具体范围随FIA法规版本不同而变化，写作时需注明所适用的赛季规则版本。,RE2017
P-001,powertrain_ers,power unit (PU),动力单元,,发动机（不精确）,F1 2014年以来采用的由内燃机（ICE）、涡轮增压器（TC）、两个MGU（K和H）及能量储存单元（ES）组成的混合动力系统整体。,整车动力系统讨论、动力单元供应商关系分析。,动力单元不等于"发动机"；PU包含ERS系统，而发动机仅指内燃机部分；两者混用会导致技术含义失准。,RE2017
P-002,powertrain_ers,ICE (Internal Combustion Engine),内燃机,,发动机/引擎,动力单元中的纯内燃机部分，F1采用1.6升V6涡轮增压汽油机，是PU的热能来源核心。,动力单元性能讨论、内燃机与ERS功率输出区分。,在PU语境中始终使用ICE而非engine/发动机，以区分纯内燃机与包含ERS的完整动力单元。,RE2017
P-003,powertrain_ers,ERS (Energy Recovery System),能量回收系统,,动能回收系统,F1混合动力系统中的电能管理部分，包含MGU-K（动能回收电机）和MGU-H（热能回收电机），以及电池储能单元（ES）。,混合动力策略、能量部署节点分析。,ERS需保留英文缩写；在首次出现时给出全称及中文释义。,RE2017
P-004,powertrain_ers,MGU-K (Motor Generator Unit - Kinetic),MGU-K（动能电机发电单元）,,K电机,连接到传动系统、在制动时回收动能为电池充电、在加速时释放电能提供额外驱动力的电机发电一体单元，最大功率输出120kW。,制动能量回收策略、超车辅助能量部署。,MGU-K的功率输出时机和量级是赛道策略核心；不同于MGU-H；两者功能和连接位置完全不同。,RE2017
P-005,powertrain_ers,MGU-H (Motor Generator Unit - Heat),MGU-H（热能电机发电单元）,,H电机,连接到涡轮增压器轴、通过回收排气余热发电同时控制涡轮转速的电机发电单元，既可发电也可驱动涡轮减少增压延迟。,涡轮增压器控制、ERS能量管理策略。,MGU-H在2026年新规则下将被取消；写作中需注明其使用的赛季范围。,RE2017
P-006,powertrain_ers,ERS deployment,ERS能量部署,,能量释放,在特定赛道区段将电池储存的电能通过MGU-K释放、提供额外动力的策略操作，部署时机和量级是赛道工程师的核心决策项。,超车窗口判断、赛道能量管理策略。,部署（deployment）需与回收（harvesting）区分；部署是消耗，回收是储存，两者方向相反。,RE2017
P-007,powertrain_ers,energy store (ES),能量储存单元,,电池组,ERS系统中储存MGU-K和MGU-H回收电能的高压电池单元，单个赛车最大容量约为4MJ，FIA对其形式有严格规定。,ERS能量管理、动力单元热衰减分析。,能量储存单元不同于普通汽车电池；F1的ES在功率密度和热管理上有极高技术要求。,RE2017
P-008,powertrain_ers,charge air cooler,增压空气中冷器,,中冷器,对涡轮增压器压缩后的高温进气进行冷却的热交换器，提升进气密度、增加充气效率；在STR12中位于侧箱内，其余冷却器则集中在中轴线区域。,动力单元热管理、中轴线冷却布局分析。,中冷器通常必须放在靠近进气歧管的位置（侧箱内），不能随意移至中轴线区域，这是中轴线冷却方案的布局约束。,RE2017
P-009,powertrain_ers,turbocharger,涡轮增压器,,涡轮,通过排气驱动压气机为发动机压缩进气、提升充气效率的装置；MGU-H连接在涡轮轴上，可主动控制涡轮转速。,发动机性能分析、MGU-H功能讨论。,涡轮增压器和涡轮机（turbine）是两个概念；前者是完整的增压装置，后者特指其中的排气侧叶轮。,RE2017
P-010,powertrain_ers,fuel flow rate,燃油流量,,油耗率,FIA规定的每小时燃油消耗量上限（100kg/h），是F1动力单元功率输出的关键限制边界条件。,动力单元功率策略、油耗管理讨论。,燃油流量是硬性规则限制；超出100kg/h上限将被技术失格，赛事中通过传感器实时监控。,FIA2024
P-011,powertrain_ers,deployment strategy,能量部署策略,,电能使用策略,规划赛车在赛道各区段如何使用和回收ERS电能，以最大化单圈速度或长途比赛中的总体表现，是现代F1的核心策略工作内容。,赛道策略分析、工程师与赛车之间实时沟通。,部署策略需综合考虑电池电量、轮胎温度窗口、对手动向和安全车概率，是多变量决策问题。,RE2024
P-012,powertrain_ers,power unit packaging,动力单元封装,,发动机安装,将动力单元的各组成部件（ICE、涡轮、MGU、ES、冷却器）以最优方式布置在底盘允许空间内的工程设计过程，需平衡重心高度、冷却效率、可维护性和气动外形。,整车封装设计、C36在动力单元封装上的约束分析。,封装（packaging）在工程语境中特指空间布置优化，不同于外观设计（styling）。,RE2017
P-013,powertrain_ers,exhaust,排气系统,,尾气管,将内燃机燃烧废气引导至车辆尾部的管路系统，在F1中通常由耐高温的Inconel合金制成，其出口方向对气动后体设计有重要影响。,动力单元封装、排气与扩散器气流协调。,排气出口方向可影响后部气流，是早期吹气式扩散器（blown diffuser）等气动开发的基础。,RE2017
P-014,powertrain_ers,cost cap,成本帽,,预算上限,FIA自2021年引入的对车队年度运营支出的上限规定，直接限制了气动开发测试预算、零件迭代频次及工程师规模，深刻影响了RB19时代的技术发展路径。,现代F1竞争格局分析、RB19开发约束背景。,成本帽处罚（如红牛2022年违规被扣测试配额）需单独描述；不能将成本帽与技术法规（technical regulations）混淆。,RE2024
T-001,tyres_thermal,tyre,轮胎,,轮子（过于口语）,覆盖在轮圈上的橡胶复合材料充气外胎，是赛车唯一与赛道接触的部件，其热状态和磨损程度直接决定赛车抓地力水平。,所有涉及抓地力、进站策略、轮胎管理的讨论。,F1轮胎由倍耐力独家供应，不同配合物（compound）对温度窗口要求不同；写作中需区分配合物和胎体结构（construction）的影响。,RE2017
T-002,tyres_thermal,tyre compound,轮胎配合物,,轮胎型号/轮胎规格,决定轮胎硬度、热特性和耐磨性的橡胶化学配方，从超软到硬胎各有不同工作温度窗口和性能特征，现F1以C1-C5命名。,轮胎选择策略、赛道温度与配合物匹配。,配合物（compound）特指化学配方，不同于胎体结构（construction）；前者影响工作温度，后者影响物理刚度。,RE2017
T-003,tyres_thermal,tyre window,轮胎工作窗口,,最佳温度区间,轮胎配合物能够正常提供最大抓地力的工作温度范围，是赛车设定和策略决策的核心边界条件。,赛车设定优化、轮胎热管理、进站窗口判断。,工作窗口不同于最优温度点；窗口是一个温度范围，窗口越宽意味着更强的赛车稳定性。,RE2017
T-004,tyres_thermal,thermal degradation,热衰退,,热衰减/热磨损,由于轮胎橡胶在高温下分子链断裂导致轮胎配合物抓地力下降的现象，在轮胎冷却后可部分恢复（区别于不可逆的物理磨损）。,长途比赛轮胎管理、RB19轮胎热管理分析。,热衰退（thermal degradation）可在降温后部分恢复，物理磨损（wear）不可逆；两者混淆会导致策略判断错误。,RE2024
T-005,tyres_thermal,graining,起粒,,搓皮/橡胶剥落,轮胎橡胶表面在滑动中形成小颗粒翻滚的磨损形式，通常发生在轮胎温度不足或赛车滑动角度不当时，表现为轮胎表面粗糙，抓地力下降。,轮胎热管理不当时的故障模式分析。,起粒与热衰退机制不同：起粒是物理表面破坏，热衰退是化学性能下降；两者可同时发生但成因不同。,RE2017
T-006,tyres_thermal,blistering,起泡,,鼓泡,轮胎橡胶在过热条件下内部气泡破裂形成表面鼓泡的严重损坏形式，通常意味着轮胎已超出工作窗口上限。,轮胎过热风险分析、赛道策略中温度管理。,起泡比热衰退更严重且通常不可恢复；出现起泡时通常需要立即进站换胎。,RE2017
T-007,tyres_thermal,wear,磨损,,耗损,轮胎橡胶因与赛道摩擦导致的物理厚度减少，是不可逆的损耗过程，与热衰退（可部分恢复）有本质区别。,进站策略窗口判断、轮胎寿命预测。,wear特指不可逆的物理减薄，与degradation（可部分恢复的性能下降）是平行但不同的损耗机制。,RE2017
T-008,tyres_thermal,contact patch,接触印痕,,接触面积,轮胎在正常使用状态下与赛道地面接触的橡胶区域形状及面积，是轮胎力学的核心参数，影响最大摩擦力和侧向抓地力。,轮胎力学分析、2017年新规宽胎技术影响讨论。,接触印痕大小受垂向载荷、轮胎气压和外倾角影响；STR12设计中宽胎带来更大印痕是整车载荷分析的起点。,RE2017
T-009,tyres_thermal,vertical load (tyre),垂向载荷,,轮胎压力（易混淆）,施加在轮胎上的垂直方向力，由赛车质量、加速度和气动下压力共同决定；垂向载荷越大，理论抓地力上限越高。,轮胎载荷分析、悬挂载荷设计计算。,不应译为"轮胎压力"（tire pressure指充气气压）；垂向载荷是力学量，轮胎气压是状态量。,RE2017
T-010,tyres_thermal,tyre management,轮胎管理,,轮胎保护,在比赛中通过驾驶风格调整、赛车设定优化和策略规划，延长轮胎使用寿命并保持其在工作窗口内的综合技术工作。,长途比赛策略、轮胎替换节点判断。,轮胎管理是主动技术策略，不同于轮胎磨损（被动过程）；管理能力是F1赛车和车手综合竞争力的重要维度。,RE2017
T-011,tyres_thermal,tyre temperature,胎温,,轮胎温度,轮胎各部位（表面、中间层、内衬）的温度状态，是判断轮胎是否进入工作窗口的直接指标，由传感器实时监测并通过赛车遥测系统传回维修区。,轮胎窗口管理、进站策略判断。,表面温度（surface temp）和核心温度（core temp）是不同的监控指标，表面温度变化快，核心温度反映轮胎整体热状态。,RE2024
T-012,tyres_thermal,tyre pressure,轮胎气压,,胎压,充入轮胎内的气体压力，影响接触印痕面积、侧向刚度和轮胎工作温度；FIA对最低轮胎气压有规定，且赛前由技术代表检查。,轮胎设定管理、赛前规则合规性。,FIA规定的最低胎压是赛前静态测量值，赛中热胎气压会上升，设定需考虑从冷到热的胎压变化量。,FIA2024
T-013,tyres_thermal,undercut (strategy),内停策略,,提前进站（比赛策略），注意与sidepod undercut区分,在对手轮胎未到正常换胎节点之前提前进站换新胎，利用新胎更快圈速超越在出站口仍未进站的对手的比赛策略。,进站时机选择、赛道位置策略分析。,undercut（内停）与overcut（外停）是F1策略的两个方向；与aerodynamics中的sidepod undercut（侧箱下切）是完全不同的专业词汇，需严格区分语境。,RE2017
T-014,tyres_thermal,overcut (strategy),外停策略,,延迟进站（比赛策略），注意与内停区分,在对手进站后继续保持更多圈数的延迟进站策略，利用持续积累的时间差在对手新胎圈速优势消失前完成超越。,进站时机选择、比赛策略分析。,外停策略在轮胎衰减较慢或安全车出现时更有效；与内停是相对策略选项。,RE2017
T-015,tyres_thermal,tyre degradation,轮胎衰减,,轮胎损耗,轮胎性能（通常以圈速表示）随使用圈数增加而下降的综合过程，包含热衰退、磨损等多种机制的叠加效果。,比赛节奏分析、进站策略窗口判断。,轮胎衰减是热衰退与磨损的综合表现；在策略讨论中常作为"每圈性能下降率"来量化。,RE2017
T-016,tyres_thermal,tyre compound selection,配合物选择,,轮胎选择策略,根据赛道特性、预计温度范围和比赛策略选择最适合的轮胎配合物的技术决策过程。,赛前准备、比赛策略规划。,选择需综合考虑赛道磨损率、气温、赛道温度、期望的停站次数等多个变量。,RE2017
T-017,tyres_thermal,heat cycle,热循环,,加热过程,轮胎从冷态升温到工作窗口然后冷却的一个完整温度循环过程；F1轮胎热循环次数受限，过多热循环会降低轮胎可用性。,赛前暖胎策略、出站圈轮胎激活分析。,每次热循环都会对轮胎配合物结构造成一定损耗；安全车期间的冷却是非理想的热循环，会影响轮胎后续表现。,RE2017
T-018,tyres_thermal,blanket temperature,暖胎毯温度,,预热温度,出站前将轮胎包裹在电加热毯中预热到接近工作窗口下限温度的准备程序，有助于减少出站后的激活圈数。,出站策略、换胎后的激活圈速预期。,FIA曾讨论禁止暖胎毯以降低成本；暖胎毯温度设定直接影响出站后第一圈的轮胎性能。,RE2017
T-019,tyres_thermal,load sensitivity,载荷敏感性,,压力依赖性,轮胎性能（抓地力、温度）随垂向载荷变化而变化的程度；高载荷敏感性意味着轮胎性能对下压力变化更敏感，调校难度更大。,整车气动与轮胎特性匹配、2017年新规宽胎特性分析。,STR12设计中Key特别提到轮胎载荷敏感性是未知量，直接影响悬挂与气动的架构决策。,RE2017
T-020,tyres_thermal,tyre warm-up,轮胎激活,,暖胎,在出站后头几圈通过特定驾驶方式和车辆状态将轮胎快速升温至工作窗口的过程；安全车重启后的轮胎激活是比赛中的关键时刻。,出站策略、安全车重启战术。,激活时间长短受配合物种类、赛道温度和驾驶风格影响；硬胎激活慢是常识性背景知识。,RE2017
O-001,strategy_operations,pit stop,进站,,停箱,赛车进入维修区进行轮胎更换、调整或维修的操作，是比赛策略的核心执行环节，F1静止换胎最快纪录约2秒。,进站窗口策略、轮胎管理决策。,pit stop特指维修区内的静止操作；出站（pit exit）是进站的逆过程，不可混淆。,RE2017
O-002,strategy_operations,pit window,进站窗口,,换胎时机范围,基于轮胎衰减速率、赛道位置和策略目标计算出的最优进站圈数范围，是赛道工程师的核心决策区间。,进站策略规划、多停站策略设计。,进站窗口会随比赛进程动态调整，安全车出现时通常触发提前进站判断（window opens early）。,RE2017
O-003,strategy_operations,safety car,安全车,,SC,比赛中出现危险情况时派出的限速引导车辆，强制所有赛车降速跟随行驶，是影响比赛策略的重要外部变量。,比赛策略模拟、进站时机动态调整。,安全车期间的进站（free stop）是重要的策略机会；预测安全车概率是现代F1策略工作的一部分。,RE2017
O-004,strategy_operations,race pace,比赛节奏,,正赛速度,赛车在携带燃油重量和管理轮胎的真实比赛条件下的单圈速度表现，区别于排位赛中全力一圈的时间。,策略规划、赛车竞争力综合评估。,比赛节奏与单圈最快圈（qualifying pace）是不同的性能维度；前者体现持续竞争力，后者反映峰值性能。,RE2017
O-005,strategy_operations,understeering,转向不足,,推头,赛车转向时前轴抓地力不足导致实际转向半径大于驾驶员输入转向角所对应半径的操控现象，车头"推向"弯外侧。,赛车操控特性调校、新加坡站RB19故障分析。,转向不足与转向过度（oversteer）是操控的两个极端；过度的转向不足通常导致前胎过热。,RE2024
O-006,strategy_operations,oversteer,转向过度,,甩尾,赛车转向时后轴抓地力不足导致实际转向半径小于驾驶员输入转向角的操控现象，车尾有向弯外侧滑出的趋势。,赛车操控特性调校、驾驶员风格分析。,转向过度可被驾驶员通过反打方向盘控制（controllable oversteer），也可能不可控（snap oversteer）；需区分。,RE2017
O-007,strategy_operations,setup,赛车设定,,车辆配置,对赛车可调参数（包括气动翼角、悬挂高度与硬度、束角、外倾角等）的综合配置选择，针对特定赛道条件和驾驶员需求优化。,赛道周末技术工作、车手与工程师协同工作。,设定是持续优化过程，不是一次确定的固定值；赛道温度、天气变化都会触发设定调整需求。,RE2024
O-008,strategy_operations,balance,平衡,,前后抓地力平衡,赛车在弯道中前后轴抓地力分配的主观感受，影响驾驶员的信心与圈速；过多前部平衡导致转向不足，过多后部平衡导致转向过度。,驾驶员反馈分析、赛车调校目标设定。,在讨论时需区分机械平衡（mechanical balance）和气动平衡（aero balance）两个不同维度。,RE2017
O-009,strategy_operations,stiffness,刚度,,硬度（过于口语）,结构或材料抵抗弹性变形的能力，在赛车语境中常指悬挂弹簧刚度、底盘扭转刚度或轮胎侧向刚度，直接影响赛车响应特性和轮胎接触行为。,悬挂设定分析、底盘结构评估。,刚度与强度（strength）是不同概念；刚度描述弹性变形抵抗力，强度描述断裂抵抗力。,RE2017
O-010,strategy_operations,simulation,仿真,,模拟（可接受但仿真更专业）,通过计算机模型预测赛车性能、轮胎行为或比赛进程的工程工具；F1中仿真涵盖气动CFD、整车动力学、轮胎热行为和比赛策略多个层面。,赛前准备、气动开发验证、比赛策略规划。,仿真（simulation）在工程语境特指基于物理模型的计算预测，区别于统计意义上的"模拟"；赛车工程中推荐使用仿真。,RE2017
O-011,strategy_operations,traction,牵引力,,摩擦力（过于基础）,轮胎向地面施加驱动力时产生的纵向抓地力，是加速出弯性能的决定性因素；低速弯角出弯牵引力不足是常见的操控问题。,低速弯道性能分析、新加坡站RB19问题诊断。,牵引力（traction）特指加速工况下的纵向力，与制动力（braking force）方向相反；不可混用。,RE2024
O-012,strategy_operations,lap time,圈速,,单圈时间,赛车完成一圈赛道所需的时间，是赛车综合性能的终极量化指标；通常以分钟:秒.毫秒格式表示。,赛车性能比较、升级包效果评估。,圈速受燃油重量、轮胎状态、天气条件等多种因素影响；比较圈速时需注明这些背景条件。,RE2017
O-013,strategy_operations,qualifying,排位赛,,预选赛（过时表达）,决定比赛起跑位置的专项赛事环节，F1采用Q1/Q2/Q3三段式淘汰制排位；排位赛圈速反映赛车在轮胎最新鲜、燃油最少时的峰值性能。,赛车单圈峰值性能评估、网格位置策略。,排位赛圈速不代表比赛节奏竞争力，两者受不同因素影响。,RE2024
O-014,strategy_operations,race engineer,赛道工程师,,比赛工程师,负责在赛道周末与驾驶员沟通、实时分析遥测数据、制定调校方向并协调赛中策略决策的核心技术人员，通常每位驾驶员配备专属赛道工程师。,赛车调校流程、赛中实时决策分析。,赛道工程师（race engineer）与车辆动力学工程师（vehicle dynamics engineer）是不同岗位；前者侧重赛道实时协调，后者侧重技术深度分析。,RE2017
O-015,strategy_operations,telemetry,遥测,,数据传输,将赛车传感器实时数据无线传输至维修区的技术系统，覆盖轮胎温度/压力、发动机状态、刹车温度、悬挂位移等数百个通道，是现代F1技术决策的基础数据来源。,赛道工程师工作分析、技术决策依据。,遥测数据量极大，赛道工程师需在赛中实时筛选关键信号；F1规则对遥测数据的远程指令功能有限制。,RE2024
O-016,strategy_operations,pitstop strategy,进站策略,,换胎策略,综合考虑轮胎衰减、赛道位置、对手动向和虚拟安全车概率，规划比赛进站次数、时机和配合物选择的整体策略规划。,比赛策略分析、内停/外停选择判断。,进站策略是动态决策过程，需随比赛进展不断修正；赛前规划是初始策略，赛中执行往往有较大偏差。,RE2017
O-017,strategy_operations,free stop,免费进站,,无代价进站,在安全车或虚拟安全车出现时进行的进站操作，由于赛道全体车辆降速，进站的相对时间损失大幅降低，相当于以更低代价完成换胎的策略机会。,安全车策略、进站时机判断。,免费进站不是完全没有时间损失，而是损失显著低于正常赛况进站；具体收益取决于安全车出现位置和持续时间。,RE2017
O-018,strategy_operations,constructors' championship,车队世界冠军,,制造商冠军,F1年度车队积分总冠军称号，由两位驾驶员单站积分之和累计计算，是车队综合竞争力的最高评价指标。,赛季竞争格局分析、红牛RB19统治力描述。,车队冠军（constructors'）与车手冠军（drivers'）是平行的两个年度冠军，不可混淆；一支车队通常难以同时失去其中一个而保住另一个。,RE2024
O-019,strategy_operations,drag reduction,阻力降低,,气动减阻,通过调整气动部件（如DRS翼片）或整车构型降低空气阻力、提升直道最高速度的设计或策略动作。,DRS使用分析、直道速度提升策略。,drag reduction（阻力降低）是通用描述，DRS（Drag Reduction System）是特定的规则允许系统；两者不可互换。,RE2024
O-020,strategy_operations,power mode,功率模式,,动力模式,动力单元在不同工况下的功率输出配置，通常分为超高功率（party/push mode）、标准赛车（race mode）和节能保护（engine save mode）等多个档位；每个赛季可使用的动力单元数量限制使得功率模式管理成为关键。,赛中策略指令、超车和防守段落的能量管理。,功率模式选择受发动机使用寿命和剩余赛程安排约束；不可无限制使用高功率模式。,RE2024
O-021,strategy_operations,sector time,分段圈速,,赛道区段时间,将赛道划分为三个区段后分别计时的性能指标，可以定位赛车在哪个赛道区段有竞争优势或劣势，是策略和调校决策的重要参考。,赛车性能诊断、赛道特定区段设定优化。,分段圈速是诊断工具；赛车可能总体圈速慢但在某些区段有优势，需结合全圈分析。,RE2024
O-022,strategy_operations,stint,行程/换胎间隔,,一段,两次进站（或起跑到第一次进站/最后一次进站到终点）之间的连续行驶圈数，是轮胎管理和策略规划的基本时间单位。,进站策略分析、轮胎衰减速率计算。,stint长度由轮胎寿命预期决定；长stint要求更强的轮胎管理，短stint允许更激进的驾驶风格。,RE2017
O-023,strategy_operations,virtual safety car (VSC),虚拟安全车,,VSC,在赛道有局部危险区域时启用的部分速度限制规程，各赛车在赛道各区段须将圈速控制在规定时间内，比实体安全车影响更小、更灵活。,进站策略机会判断、赛道危险情况应对。,VSC与实体安全车（SC）对策略的影响不同：VSC速度差异更小，进站优势相对较低。,RE2024
O-024,strategy_operations,warm-up lap,暖胎圈,,出发前导圈,正式起跑前赛车绕赛道一圈以激活轮胎温度、刹车和发动机的准备操作，是起步阶段轮胎状态的重要管理环节。,起步策略、轮胎激活分析。,暖胎圈的激活效果因赛道长度、气温和配合物硬度不同而差异显著。,RE2017
O-025,strategy_operations,gap management,间距管理,,位置差距控制,通过调整赛车节奏主动维持与前后赛车特定时间间距的策略技术，常见场景包括：维持DRS距离优势进行超车、保持间距触发安全车优势、或保护轮胎等待时机。,赛中位置保卫与攻击策略、轮胎管理与圈速协调。,间距管理是主动策略行为，需要与赛道工程师实时配合；过于保守或过于激进都会影响整体策略执行效果。,RE2024
